title,scheduledTime
Riunione 1,2025-03-24T09:00:00
Riunione 2,2025-03-24T09:00:00
Riunione 3,2025-03-24T09:00:00
Riunione 4,2025-03-24T09:00:00
Riunione 5,2025-03-24T09:00:00
Riunione 6,2025-03-24T10:00:00
Riunione 7,2025-03-24T10:00:00
Riunione 8,2025-03-24T10:00:00
Riunione 9,2025-03-24T10:00:00
Riunione 10,2025-03-24T11:00:00
Riunione 11,2025-03-25T14:00:00
Riunione 12,2025-03-25T14:00:00
Riunione 13,2025-03-25T14:00:00
Riunione 14,2025-03-25T15:00:00
Riunione 15,2025-03-25T15:00:00
Riunione 16,2025-03-26T09:00:00
Riunione 17,2025-03-26T09:00:00
Riunione 18,2025-03-26T09:00:00
Riunione 19,2025-03-26T10:00:00
Riunione 20,2025-03-26T11:00:00
Riunione 21,2025-03-27T14:00:00
Riunione 22,2025-03-27T14:00:00
Riunione 23,2025-03-27T14:00:00
Riunione 24,2025-03-27T14:00:00
Riunione 25,2025-03-27T14:00:00
Riunione 26,2025-03-28T16:00:00
Riunione 27,2025-03-28T16:00:00
Riunione 28,2025-03-28T16:00:00
